text,label
Artificial intelligence systems are increasingly being utilized to optimize complex workflows and enhance productivity.,1
I enjoy spending time with my friends during weekends.,0
Advanced algorithms can generate contextually relevant and semantically meaningful content.,1
AI-generated text often exhibits high coherence and structured sentence formation.,1
AI-generated text often exhibits high coherence and structured sentence formation.,1
My college experience has been full of learning and growth.,0
AI-generated text often exhibits high coherence and structured sentence formation.,1
I enjoy spending time with my friends during weekends.,0
AI-generated text often exhibits high coherence and structured sentence formation.,1
My college experience has been full of learning and growth.,0
Artificial intelligence systems are increasingly being utilized to optimize complex workflows and enhance productivity.,1
Modern AI technologies are capable of producing human-like responses across various domains.,1
The rapid evolution of machine learning models has enabled significant advancements in natural language processing.,1
Artificial intelligence systems are increasingly being utilized to optimize complex workflows and enhance productivity.,1
My college experience has been full of learning and growth.,0
Advanced algorithms can generate contextually relevant and semantically meaningful content.,1
My college experience has been full of learning and growth.,0
I went to the market yesterday and bought some fresh vegetables.,0
I enjoy spending time with my friends during weekends.,0
AI-generated text often exhibits high coherence and structured sentence formation.,1
AI-generated text often exhibits high coherence and structured sentence formation.,1
AI-generated text often exhibits high coherence and structured sentence formation.,1
AI-generated text often exhibits high coherence and structured sentence formation.,1
AI-generated text often exhibits high coherence and structured sentence formation.,1
I went to the market yesterday and bought some fresh vegetables.,0
Artificial intelligence systems are increasingly being utilized to optimize complex workflows and enhance productivity.,1
The rapid evolution of machine learning models has enabled significant advancements in natural language processing.,1
AI-generated text often exhibits high coherence and structured sentence formation.,1
The weather today is quite pleasant and refreshing.,0
The weather today is quite pleasant and refreshing.,0
Artificial intelligence systems are increasingly being utilized to optimize complex workflows and enhance productivity.,1
I enjoy spending time with my friends during weekends.,0
AI-generated text often exhibits high coherence and structured sentence formation.,1
Sometimes I prefer reading books over watching movies.,0
Artificial intelligence systems are increasingly being utilized to optimize complex workflows and enhance productivity.,1
I went to the market yesterday and bought some fresh vegetables.,0
Sometimes I prefer reading books over watching movies.,0
Advanced algorithms can generate contextually relevant and semantically meaningful content.,1
My college experience has been full of learning and growth.,0
AI-generated text often exhibits high coherence and structured sentence formation.,1
My college experience has been full of learning and growth.,0
The rapid evolution of machine learning models has enabled significant advancements in natural language processing.,1
My college experience has been full of learning and growth.,0
The weather today is quite pleasant and refreshing.,0
My college experience has been full of learning and growth.,0
The weather today is quite pleasant and refreshing.,0
Modern AI technologies are capable of producing human-like responses across various domains.,1
My college experience has been full of learning and growth.,0
Artificial intelligence systems are increasingly being utilized to optimize complex workflows and enhance productivity.,1
I enjoy spending time with my friends during weekends.,0
Advanced algorithms can generate contextually relevant and semantically meaningful content.,1
Artificial intelligence systems are increasingly being utilized to optimize complex workflows and enhance productivity.,1
I enjoy spending time with my friends during weekends.,0
My college experience has been full of learning and growth.,0
I enjoy spending time with my friends during weekends.,0
I went to the market yesterday and bought some fresh vegetables.,0
Advanced algorithms can generate contextually relevant and semantically meaningful content.,1
The rapid evolution of machine learning models has enabled significant advancements in natural language processing.,1
AI-generated text often exhibits high coherence and structured sentence formation.,1
AI-generated text often exhibits high coherence and structured sentence formation.,1
Sometimes I prefer reading books over watching movies.,0
Advanced algorithms can generate contextually relevant and semantically meaningful content.,1
My college experience has been full of learning and growth.,0
The weather today is quite pleasant and refreshing.,0
Sometimes I prefer reading books over watching movies.,0
Modern AI technologies are capable of producing human-like responses across various domains.,1
Sometimes I prefer reading books over watching movies.,0
AI-generated text often exhibits high coherence and structured sentence formation.,1
The rapid evolution of machine learning models has enabled significant advancements in natural language processing.,1
Advanced algorithms can generate contextually relevant and semantically meaningful content.,1
I enjoy spending time with my friends during weekends.,0
My college experience has been full of learning and growth.,0
Sometimes I prefer reading books over watching movies.,0
Artificial intelligence systems are increasingly being utilized to optimize complex workflows and enhance productivity.,1
I enjoy spending time with my friends during weekends.,0
AI-generated text often exhibits high coherence and structured sentence formation.,1
My college experience has been full of learning and growth.,0
The rapid evolution of machine learning models has enabled significant advancements in natural language processing.,1
The weather today is quite pleasant and refreshing.,0
I went to the market yesterday and bought some fresh vegetables.,0
I enjoy spending time with my friends during weekends.,0
I went to the market yesterday and bought some fresh vegetables.,0
The weather today is quite pleasant and refreshing.,0
I enjoy spending time with my friends during weekends.,0
My college experience has been full of learning and growth.,0
The weather today is quite pleasant and refreshing.,0
Advanced algorithms can generate contextually relevant and semantically meaningful content.,1
Advanced algorithms can generate contextually relevant and semantically meaningful content.,1
I enjoy spending time with my friends during weekends.,0
AI-generated text often exhibits high coherence and structured sentence formation.,1
I went to the market yesterday and bought some fresh vegetables.,0
AI-generated text often exhibits high coherence and structured sentence formation.,1
The weather today is quite pleasant and refreshing.,0
Sometimes I prefer reading books over watching movies.,0
AI-generated text often exhibits high coherence and structured sentence formation.,1
Advanced algorithms can generate contextually relevant and semantically meaningful content.,1
Sometimes I prefer reading books over watching movies.,0
The weather today is quite pleasant and refreshing.,0
My college experience has been full of learning and growth.,0
Artificial intelligence systems are increasingly being utilized to optimize complex workflows and enhance productivity.,1
Sometimes I prefer reading books over watching movies.,0
Advanced algorithms can generate contextually relevant and semantically meaningful content.,1
Sometimes I prefer reading books over watching movies.,0
Modern AI technologies are capable of producing human-like responses across various domains.,1
I enjoy spending time with my friends during weekends.,0
My college experience has been full of learning and growth.,0
Advanced algorithms can generate contextually relevant and semantically meaningful content.,1
The rapid evolution of machine learning models has enabled significant advancements in natural language processing.,1
Modern AI technologies are capable of producing human-like responses across various domains.,1
Sometimes I prefer reading books over watching movies.,0
The weather today is quite pleasant and refreshing.,0
My college experience has been full of learning and growth.,0
Modern AI technologies are capable of producing human-like responses across various domains.,1
Modern AI technologies are capable of producing human-like responses across various domains.,1
My college experience has been full of learning and growth.,0
My college experience has been full of learning and growth.,0
Modern AI technologies are capable of producing human-like responses across various domains.,1
The rapid evolution of machine learning models has enabled significant advancements in natural language processing.,1
Sometimes I prefer reading books over watching movies.,0
Modern AI technologies are capable of producing human-like responses across various domains.,1
The rapid evolution of machine learning models has enabled significant advancements in natural language processing.,1
The weather today is quite pleasant and refreshing.,0
The rapid evolution of machine learning models has enabled significant advancements in natural language processing.,1
Sometimes I prefer reading books over watching movies.,0
Artificial intelligence systems are increasingly being utilized to optimize complex workflows and enhance productivity.,1
Artificial intelligence systems are increasingly being utilized to optimize complex workflows and enhance productivity.,1
Advanced algorithms can generate contextually relevant and semantically meaningful content.,1
The rapid evolution of machine learning models has enabled significant advancements in natural language processing.,1
Advanced algorithms can generate contextually relevant and semantically meaningful content.,1
I went to the market yesterday and bought some fresh vegetables.,0
I enjoy spending time with my friends during weekends.,0
Sometimes I prefer reading books over watching movies.,0
Sometimes I prefer reading books over watching movies.,0
AI-generated text often exhibits high coherence and structured sentence formation.,1
Modern AI technologies are capable of producing human-like responses across various domains.,1
I enjoy spending time with my friends during weekends.,0
I enjoy spending time with my friends during weekends.,0
Modern AI technologies are capable of producing human-like responses across various domains.,1
AI-generated text often exhibits high coherence and structured sentence formation.,1
I enjoy spending time with my friends during weekends.,0
Advanced algorithms can generate contextually relevant and semantically meaningful content.,1
Advanced algorithms can generate contextually relevant and semantically meaningful content.,1
Artificial intelligence systems are increasingly being utilized to optimize complex workflows and enhance productivity.,1
AI-generated text often exhibits high coherence and structured sentence formation.,1
I enjoy spending time with my friends during weekends.,0
I enjoy spending time with my friends during weekends.,0
AI-generated text often exhibits high coherence and structured sentence formation.,1
The rapid evolution of machine learning models has enabled significant advancements in natural language processing.,1
Artificial intelligence systems are increasingly being utilized to optimize complex workflows and enhance productivity.,1
AI-generated text often exhibits high coherence and structured sentence formation.,1
Artificial intelligence systems are increasingly being utilized to optimize complex workflows and enhance productivity.,1
I enjoy spending time with my friends during weekends.,0
I went to the market yesterday and bought some fresh vegetables.,0
AI-generated text often exhibits high coherence and structured sentence formation.,1
The rapid evolution of machine learning models has enabled significant advancements in natural language processing.,1
Artificial intelligence systems are increasingly being utilized to optimize complex workflows and enhance productivity.,1
Artificial intelligence systems are increasingly being utilized to optimize complex workflows and enhance productivity.,1
I went to the market yesterday and bought some fresh vegetables.,0
AI-generated text often exhibits high coherence and structured sentence formation.,1
The weather today is quite pleasant and refreshing.,0
The rapid evolution of machine learning models has enabled significant advancements in natural language processing.,1
Sometimes I prefer reading books over watching movies.,0
AI-generated text often exhibits high coherence and structured sentence formation.,1
I enjoy spending time with my friends during weekends.,0
I enjoy spending time with my friends during weekends.,0
The weather today is quite pleasant and refreshing.,0
The rapid evolution of machine learning models has enabled significant advancements in natural language processing.,1
I went to the market yesterday and bought some fresh vegetables.,0
I enjoy spending time with my friends during weekends.,0
I went to the market yesterday and bought some fresh vegetables.,0
AI-generated text often exhibits high coherence and structured sentence formation.,1
The weather today is quite pleasant and refreshing.,0
I went to the market yesterday and bought some fresh vegetables.,0
Modern AI technologies are capable of producing human-like responses across various domains.,1
Advanced algorithms can generate contextually relevant and semantically meaningful content.,1
Sometimes I prefer reading books over watching movies.,0
AI-generated text often exhibits high coherence and structured sentence formation.,1
Modern AI technologies are capable of producing human-like responses across various domains.,1
AI-generated text often exhibits high coherence and structured sentence formation.,1
Artificial intelligence systems are increasingly being utilized to optimize complex workflows and enhance productivity.,1
The rapid evolution of machine learning models has enabled significant advancements in natural language processing.,1
Modern AI technologies are capable of producing human-like responses across various domains.,1
Artificial intelligence systems are increasingly being utilized to optimize complex workflows and enhance productivity.,1
My college experience has been full of learning and growth.,0
My college experience has been full of learning and growth.,0
AI-generated text often exhibits high coherence and structured sentence formation.,1
The weather today is quite pleasant and refreshing.,0
Sometimes I prefer reading books over watching movies.,0
Artificial intelligence systems are increasingly being utilized to optimize complex workflows and enhance productivity.,1
Advanced algorithms can generate contextually relevant and semantically meaningful content.,1
My college experience has been full of learning and growth.,0
My college experience has been full of learning and growth.,0
The weather today is quite pleasant and refreshing.,0
I went to the market yesterday and bought some fresh vegetables.,0
Sometimes I prefer reading books over watching movies.,0
Sometimes I prefer reading books over watching movies.,0
My college experience has been full of learning and growth.,0
AI-generated text often exhibits high coherence and structured sentence formation.,1
Modern AI technologies are capable of producing human-like responses across various domains.,1
The rapid evolution of machine learning models has enabled significant advancements in natural language processing.,1
Advanced algorithms can generate contextually relevant and semantically meaningful content.,1
I went to the market yesterday and bought some fresh vegetables.,0
I enjoy spending time with my friends during weekends.,0
AI-generated text often exhibits high coherence and structured sentence formation.,1
Modern AI technologies are capable of producing human-like responses across various domains.,1
Artificial intelligence systems are increasingly being utilized to optimize complex workflows and enhance productivity.,1
Artificial intelligence systems are increasingly being utilized to optimize complex workflows and enhance productivity.,1
Sometimes I prefer reading books over watching movies.,0
Modern AI technologies are capable of producing human-like responses across various domains.,1
AI-generated text often exhibits high coherence and structured sentence formation.,1
AI-generated text often exhibits high coherence and structured sentence formation.,1
Modern AI technologies are capable of producing human-like responses across various domains.,1
Artificial intelligence systems are increasingly being utilized to optimize complex workflows and enhance productivity.,1
The weather today is quite pleasant and refreshing.,0
Advanced algorithms can generate contextually relevant and semantically meaningful content.,1
AI-generated text often exhibits high coherence and structured sentence formation.,1
My college experience has been full of learning and growth.,0
I went to the market yesterday and bought some fresh vegetables.,0
My college experience has been full of learning and growth.,0
AI-generated text often exhibits high coherence and structured sentence formation.,1
Artificial intelligence systems are increasingly being utilized to optimize complex workflows and enhance productivity.,1
My college experience has been full of learning and growth.,0
AI-generated text often exhibits high coherence and structured sentence formation.,1
Modern AI technologies are capable of producing human-like responses across various domains.,1
Modern AI technologies are capable of producing human-like responses across various domains.,1
Sometimes I prefer reading books over watching movies.,0
The weather today is quite pleasant and refreshing.,0
Sometimes I prefer reading books over watching movies.,0
I enjoy spending time with my friends during weekends.,0
Advanced algorithms can generate contextually relevant and semantically meaningful content.,1
The rapid evolution of machine learning models has enabled significant advancements in natural language processing.,1
Advanced algorithms can generate contextually relevant and semantically meaningful content.,1
AI-generated text often exhibits high coherence and structured sentence formation.,1
Advanced algorithms can generate contextually relevant and semantically meaningful content.,1
I enjoy spending time with my friends during weekends.,0
AI-generated text often exhibits high coherence and structured sentence formation.,1
My college experience has been full of learning and growth.,0
Artificial intelligence systems are increasingly being utilized to optimize complex workflows and enhance productivity.,1
My college experience has been full of learning and growth.,0
Advanced algorithms can generate contextually relevant and semantically meaningful content.,1
Modern AI technologies are capable of producing human-like responses across various domains.,1
Advanced algorithms can generate contextually relevant and semantically meaningful content.,1
AI-generated text often exhibits high coherence and structured sentence formation.,1
I went to the market yesterday and bought some fresh vegetables.,0
Sometimes I prefer reading books over watching movies.,0
My college experience has been full of learning and growth.,0
Advanced algorithms can generate contextually relevant and semantically meaningful content.,1
Artificial intelligence systems are increasingly being utilized to optimize complex workflows and enhance productivity.,1
Modern AI technologies are capable of producing human-like responses across various domains.,1
The weather today is quite pleasant and refreshing.,0
I went to the market yesterday and bought some fresh vegetables.,0
My college experience has been full of learning and growth.,0
Advanced algorithms can generate contextually relevant and semantically meaningful content.,1
I went to the market yesterday and bought some fresh vegetables.,0
I enjoy spending time with my friends during weekends.,0
Artificial intelligence systems are increasingly being utilized to optimize complex workflows and enhance productivity.,1
The weather today is quite pleasant and refreshing.,0
The weather today is quite pleasant and refreshing.,0
AI-generated text often exhibits high coherence and structured sentence formation.,1
Advanced algorithms can generate contextually relevant and semantically meaningful content.,1
I went to the market yesterday and bought some fresh vegetables.,0
My college experience has been full of learning and growth.,0
Modern AI technologies are capable of producing human-like responses across various domains.,1
I went to the market yesterday and bought some fresh vegetables.,0
Advanced algorithms can generate contextually relevant and semantically meaningful content.,1
The rapid evolution of machine learning models has enabled significant advancements in natural language processing.,1
The rapid evolution of machine learning models has enabled significant advancements in natural language processing.,1
I enjoy spending time with my friends during weekends.,0
My college experience has been full of learning and growth.,0
The weather today is quite pleasant and refreshing.,0
AI-generated text often exhibits high coherence and structured sentence formation.,1
The weather today is quite pleasant and refreshing.,0
AI-generated text often exhibits high coherence and structured sentence formation.,1
The weather today is quite pleasant and refreshing.,0
The rapid evolution of machine learning models has enabled significant advancements in natural language processing.,1
Sometimes I prefer reading books over watching movies.,0
Artificial intelligence systems are increasingly being utilized to optimize complex workflows and enhance productivity.,1
I enjoy spending time with my friends during weekends.,0
I enjoy spending time with my friends during weekends.,0
I enjoy spending time with my friends during weekends.,0
Modern AI technologies are capable of producing human-like responses across various domains.,1
Artificial intelligence systems are increasingly being utilized to optimize complex workflows and enhance productivity.,1
Sometimes I prefer reading books over watching movies.,0
Artificial intelligence systems are increasingly being utilized to optimize complex workflows and enhance productivity.,1
Sometimes I prefer reading books over watching movies.,0
AI-generated text often exhibits high coherence and structured sentence formation.,1
Sometimes I prefer reading books over watching movies.,0
I enjoy spending time with my friends during weekends.,0
My college experience has been full of learning and growth.,0
My college experience has been full of learning and growth.,0
The rapid evolution of machine learning models has enabled significant advancements in natural language processing.,1
Advanced algorithms can generate contextually relevant and semantically meaningful content.,1
AI-generated text often exhibits high coherence and structured sentence formation.,1
AI-generated text often exhibits high coherence and structured sentence formation.,1
Sometimes I prefer reading books over watching movies.,0
Advanced algorithms can generate contextually relevant and semantically meaningful content.,1
I went to the market yesterday and bought some fresh vegetables.,0
My college experience has been full of learning and growth.,0
I went to the market yesterday and bought some fresh vegetables.,0
Sometimes I prefer reading books over watching movies.,0
The weather today is quite pleasant and refreshing.,0
Artificial intelligence systems are increasingly being utilized to optimize complex workflows and enhance productivity.,1
I went to the market yesterday and bought some fresh vegetables.,0
Advanced algorithms can generate contextually relevant and semantically meaningful content.,1
I went to the market yesterday and bought some fresh vegetables.,0
The rapid evolution of machine learning models has enabled significant advancements in natural language processing.,1
I enjoy spending time with my friends during weekends.,0
My college experience has been full of learning and growth.,0
Modern AI technologies are capable of producing human-like responses across various domains.,1
Sometimes I prefer reading books over watching movies.,0
AI-generated text often exhibits high coherence and structured sentence formation.,1
AI-generated text often exhibits high coherence and structured sentence formation.,1
The rapid evolution of machine learning models has enabled significant advancements in natural language processing.,1
The rapid evolution of machine learning models has enabled significant advancements in natural language processing.,1
AI-generated text often exhibits high coherence and structured sentence formation.,1
I went to the market yesterday and bought some fresh vegetables.,0
Sometimes I prefer reading books over watching movies.,0
The rapid evolution of machine learning models has enabled significant advancements in natural language processing.,1
My college experience has been full of learning and growth.,0
AI-generated text often exhibits high coherence and structured sentence formation.,1
I went to the market yesterday and bought some fresh vegetables.,0
The weather today is quite pleasant and refreshing.,0
AI-generated text often exhibits high coherence and structured sentence formation.,1
AI-generated text often exhibits high coherence and structured sentence formation.,1
AI-generated text often exhibits high coherence and structured sentence formation.,1
I went to the market yesterday and bought some fresh vegetables.,0
Advanced algorithms can generate contextually relevant and semantically meaningful content.,1
I went to the market yesterday and bought some fresh vegetables.,0
Sometimes I prefer reading books over watching movies.,0
AI-generated text often exhibits high coherence and structured sentence formation.,1
AI-generated text often exhibits high coherence and structured sentence formation.,1
Sometimes I prefer reading books over watching movies.,0
The rapid evolution of machine learning models has enabled significant advancements in natural language processing.,1
I went to the market yesterday and bought some fresh vegetables.,0
AI-generated text often exhibits high coherence and structured sentence formation.,1
Modern AI technologies are capable of producing human-like responses across various domains.,1
I enjoy spending time with my friends during weekends.,0
Advanced algorithms can generate contextually relevant and semantically meaningful content.,1
The rapid evolution of machine learning models has enabled significant advancements in natural language processing.,1
AI-generated text often exhibits high coherence and structured sentence formation.,1
Modern AI technologies are capable of producing human-like responses across various domains.,1
Modern AI technologies are capable of producing human-like responses across various domains.,1
Artificial intelligence systems are increasingly being utilized to optimize complex workflows and enhance productivity.,1
Advanced algorithms can generate contextually relevant and semantically meaningful content.,1
The weather today is quite pleasant and refreshing.,0
The weather today is quite pleasant and refreshing.,0
I enjoy spending time with my friends during weekends.,0
The rapid evolution of machine learning models has enabled significant advancements in natural language processing.,1
Advanced algorithms can generate contextually relevant and semantically meaningful content.,1
My college experience has been full of learning and growth.,0
AI-generated text often exhibits high coherence and structured sentence formation.,1
The weather today is quite pleasant and refreshing.,0
My college experience has been full of learning and growth.,0
The weather today is quite pleasant and refreshing.,0
My college experience has been full of learning and growth.,0
My college experience has been full of learning and growth.,0
I enjoy spending time with my friends during weekends.,0
AI-generated text often exhibits high coherence and structured sentence formation.,1
I went to the market yesterday and bought some fresh vegetables.,0
I enjoy spending time with my friends during weekends.,0
My college experience has been full of learning and growth.,0
I went to the market yesterday and bought some fresh vegetables.,0
I went to the market yesterday and bought some fresh vegetables.,0
Advanced algorithms can generate contextually relevant and semantically meaningful content.,1
My college experience has been full of learning and growth.,0
Sometimes I prefer reading books over watching movies.,0
Advanced algorithms can generate contextually relevant and semantically meaningful content.,1
The weather today is quite pleasant and refreshing.,0
Artificial intelligence systems are increasingly being utilized to optimize complex workflows and enhance productivity.,1
My college experience has been full of learning and growth.,0
I enjoy spending time with my friends during weekends.,0
The weather today is quite pleasant and refreshing.,0
My college experience has been full of learning and growth.,0
Artificial intelligence systems are increasingly being utilized to optimize complex workflows and enhance productivity.,1
AI-generated text often exhibits high coherence and structured sentence formation.,1
Modern AI technologies are capable of producing human-like responses across various domains.,1
Modern AI technologies are capable of producing human-like responses across various domains.,1
The rapid evolution of machine learning models has enabled significant advancements in natural language processing.,1
I went to the market yesterday and bought some fresh vegetables.,0
I went to the market yesterday and bought some fresh vegetables.,0
The rapid evolution of machine learning models has enabled significant advancements in natural language processing.,1
Sometimes I prefer reading books over watching movies.,0
The weather today is quite pleasant and refreshing.,0
Advanced algorithms can generate contextually relevant and semantically meaningful content.,1
Advanced algorithms can generate contextually relevant and semantically meaningful content.,1
AI-generated text often exhibits high coherence and structured sentence formation.,1
My college experience has been full of learning and growth.,0
The weather today is quite pleasant and refreshing.,0
The rapid evolution of machine learning models has enabled significant advancements in natural language processing.,1
I went to the market yesterday and bought some fresh vegetables.,0
The rapid evolution of machine learning models has enabled significant advancements in natural language processing.,1
My college experience has been full of learning and growth.,0
AI-generated text often exhibits high coherence and structured sentence formation.,1
I went to the market yesterday and bought some fresh vegetables.,0
Modern AI technologies are capable of producing human-like responses across various domains.,1
The weather today is quite pleasant and refreshing.,0
The rapid evolution of machine learning models has enabled significant advancements in natural language processing.,1
The rapid evolution of machine learning models has enabled significant advancements in natural language processing.,1
Modern AI technologies are capable of producing human-like responses across various domains.,1
AI-generated text often exhibits high coherence and structured sentence formation.,1
The rapid evolution of machine learning models has enabled significant advancements in natural language processing.,1
AI-generated text often exhibits high coherence and structured sentence formation.,1
AI-generated text often exhibits high coherence and structured sentence formation.,1
Sometimes I prefer reading books over watching movies.,0
Modern AI technologies are capable of producing human-like responses across various domains.,1
My college experience has been full of learning and growth.,0
Artificial intelligence systems are increasingly being utilized to optimize complex workflows and enhance productivity.,1
Modern AI technologies are capable of producing human-like responses across various domains.,1
I enjoy spending time with my friends during weekends.,0
I went to the market yesterday and bought some fresh vegetables.,0
I went to the market yesterday and bought some fresh vegetables.,0
Artificial intelligence systems are increasingly being utilized to optimize complex workflows and enhance productivity.,1
Artificial intelligence systems are increasingly being utilized to optimize complex workflows and enhance productivity.,1
Advanced algorithms can generate contextually relevant and semantically meaningful content.,1
Artificial intelligence systems are increasingly being utilized to optimize complex workflows and enhance productivity.,1
The rapid evolution of machine learning models has enabled significant advancements in natural language processing.,1
Sometimes I prefer reading books over watching movies.,0
Artificial intelligence systems are increasingly being utilized to optimize complex workflows and enhance productivity.,1
The rapid evolution of machine learning models has enabled significant advancements in natural language processing.,1
The weather today is quite pleasant and refreshing.,0
Advanced algorithms can generate contextually relevant and semantically meaningful content.,1
I enjoy spending time with my friends during weekends.,0
I went to the market yesterday and bought some fresh vegetables.,0
I went to the market yesterday and bought some fresh vegetables.,0
AI-generated text often exhibits high coherence and structured sentence formation.,1
Advanced algorithms can generate contextually relevant and semantically meaningful content.,1
I went to the market yesterday and bought some fresh vegetables.,0
My college experience has been full of learning and growth.,0
Modern AI technologies are capable of producing human-like responses across various domains.,1
Advanced algorithms can generate contextually relevant and semantically meaningful content.,1
AI-generated text often exhibits high coherence and structured sentence formation.,1
AI-generated text often exhibits high coherence and structured sentence formation.,1
The rapid evolution of machine learning models has enabled significant advancements in natural language processing.,1
Modern AI technologies are capable of producing human-like responses across various domains.,1
I enjoy spending time with my friends during weekends.,0
Modern AI technologies are capable of producing human-like responses across various domains.,1
The rapid evolution of machine learning models has enabled significant advancements in natural language processing.,1
Advanced algorithms can generate contextually relevant and semantically meaningful content.,1
Advanced algorithms can generate contextually relevant and semantically meaningful content.,1
Advanced algorithms can generate contextually relevant and semantically meaningful content.,1
Artificial intelligence systems are increasingly being utilized to optimize complex workflows and enhance productivity.,1
Sometimes I prefer reading books over watching movies.,0
Advanced algorithms can generate contextually relevant and semantically meaningful content.,1
I enjoy spending time with my friends during weekends.,0
Sometimes I prefer reading books over watching movies.,0
My college experience has been full of learning and growth.,0
I enjoy spending time with my friends during weekends.,0
Sometimes I prefer reading books over watching movies.,0
I went to the market yesterday and bought some fresh vegetables.,0
Artificial intelligence systems are increasingly being utilized to optimize complex workflows and enhance productivity.,1
AI-generated text often exhibits high coherence and structured sentence formation.,1
My college experience has been full of learning and growth.,0
Advanced algorithms can generate contextually relevant and semantically meaningful content.,1
Advanced algorithms can generate contextually relevant and semantically meaningful content.,1
The rapid evolution of machine learning models has enabled significant advancements in natural language processing.,1
AI-generated text often exhibits high coherence and structured sentence formation.,1
I enjoy spending time with my friends during weekends.,0
I went to the market yesterday and bought some fresh vegetables.,0
Artificial intelligence systems are increasingly being utilized to optimize complex workflows and enhance productivity.,1
AI-generated text often exhibits high coherence and structured sentence formation.,1
Artificial intelligence systems are increasingly being utilized to optimize complex workflows and enhance productivity.,1
Sometimes I prefer reading books over watching movies.,0
Modern AI technologies are capable of producing human-like responses across various domains.,1
The rapid evolution of machine learning models has enabled significant advancements in natural language processing.,1
Sometimes I prefer reading books over watching movies.,0
Sometimes I prefer reading books over watching movies.,0
The rapid evolution of machine learning models has enabled significant advancements in natural language processing.,1
Sometimes I prefer reading books over watching movies.,0
The weather today is quite pleasant and refreshing.,0
AI-generated text often exhibits high coherence and structured sentence formation.,1
My college experience has been full of learning and growth.,0
The rapid evolution of machine learning models has enabled significant advancements in natural language processing.,1
Sometimes I prefer reading books over watching movies.,0
The weather today is quite pleasant and refreshing.,0
Sometimes I prefer reading books over watching movies.,0
Artificial intelligence systems are increasingly being utilized to optimize complex workflows and enhance productivity.,1
The weather today is quite pleasant and refreshing.,0
I enjoy spending time with my friends during weekends.,0
AI-generated text often exhibits high coherence and structured sentence formation.,1
The rapid evolution of machine learning models has enabled significant advancements in natural language processing.,1
My college experience has been full of learning and growth.,0
The rapid evolution of machine learning models has enabled significant advancements in natural language processing.,1
I enjoy spending time with my friends during weekends.,0
I enjoy spending time with my friends during weekends.,0
The weather today is quite pleasant and refreshing.,0
Modern AI technologies are capable of producing human-like responses across various domains.,1
I went to the market yesterday and bought some fresh vegetables.,0
AI-generated text often exhibits high coherence and structured sentence formation.,1
Advanced algorithms can generate contextually relevant and semantically meaningful content.,1
Artificial intelligence systems are increasingly being utilized to optimize complex workflows and enhance productivity.,1
I enjoy spending time with my friends during weekends.,0
The rapid evolution of machine learning models has enabled significant advancements in natural language processing.,1
I enjoy spending time with my friends during weekends.,0
Artificial intelligence systems are increasingly being utilized to optimize complex workflows and enhance productivity.,1
The rapid evolution of machine learning models has enabled significant advancements in natural language processing.,1
The weather today is quite pleasant and refreshing.,0
AI-generated text often exhibits high coherence and structured sentence formation.,1
AI-generated text often exhibits high coherence and structured sentence formation.,1
AI-generated text often exhibits high coherence and structured sentence formation.,1
The weather today is quite pleasant and refreshing.,0
AI-generated text often exhibits high coherence and structured sentence formation.,1
I enjoy spending time with my friends during weekends.,0
Artificial intelligence systems are increasingly being utilized to optimize complex workflows and enhance productivity.,1
I went to the market yesterday and bought some fresh vegetables.,0
My college experience has been full of learning and growth.,0
My college experience has been full of learning and growth.,0
Sometimes I prefer reading books over watching movies.,0
Advanced algorithms can generate contextually relevant and semantically meaningful content.,1
Advanced algorithms can generate contextually relevant and semantically meaningful content.,1
Advanced algorithms can generate contextually relevant and semantically meaningful content.,1
Artificial intelligence systems are increasingly being utilized to optimize complex workflows and enhance productivity.,1
AI-generated text often exhibits high coherence and structured sentence formation.,1
AI-generated text often exhibits high coherence and structured sentence formation.,1
AI-generated text often exhibits high coherence and structured sentence formation.,1
Artificial intelligence systems are increasingly being utilized to optimize complex workflows and enhance productivity.,1
The rapid evolution of machine learning models has enabled significant advancements in natural language processing.,1
Artificial intelligence systems are increasingly being utilized to optimize complex workflows and enhance productivity.,1
The weather today is quite pleasant and refreshing.,0
Artificial intelligence systems are increasingly being utilized to optimize complex workflows and enhance productivity.,1
Sometimes I prefer reading books over watching movies.,0
I went to the market yesterday and bought some fresh vegetables.,0
My college experience has been full of learning and growth.,0
AI-generated text often exhibits high coherence and structured sentence formation.,1
The weather today is quite pleasant and refreshing.,0
The weather today is quite pleasant and refreshing.,0
I enjoy spending time with my friends during weekends.,0
AI-generated text often exhibits high coherence and structured sentence formation.,1
Sometimes I prefer reading books over watching movies.,0
My college experience has been full of learning and growth.,0
The rapid evolution of machine learning models has enabled significant advancements in natural language processing.,1
I enjoy spending time with my friends during weekends.,0
Sometimes I prefer reading books over watching movies.,0
Modern AI technologies are capable of producing human-like responses across various domains.,1
Advanced algorithms can generate contextually relevant and semantically meaningful content.,1
Advanced algorithms can generate contextually relevant and semantically meaningful content.,1
The weather today is quite pleasant and refreshing.,0
Advanced algorithms can generate contextually relevant and semantically meaningful content.,1
AI-generated text often exhibits high coherence and structured sentence formation.,1
I went to the market yesterday and bought some fresh vegetables.,0
Modern AI technologies are capable of producing human-like responses across various domains.,1
My college experience has been full of learning and growth.,0
I enjoy spending time with my friends during weekends.,0
Advanced algorithms can generate contextually relevant and semantically meaningful content.,1
The rapid evolution of machine learning models has enabled significant advancements in natural language processing.,1
I enjoy spending time with my friends during weekends.,0
Advanced algorithms can generate contextually relevant and semantically meaningful content.,1
The rapid evolution of machine learning models has enabled significant advancements in natural language processing.,1
Modern AI technologies are capable of producing human-like responses across various domains.,1
Sometimes I prefer reading books over watching movies.,0
The weather today is quite pleasant and refreshing.,0
Sometimes I prefer reading books over watching movies.,0
AI-generated text often exhibits high coherence and structured sentence formation.,1
My college experience has been full of learning and growth.,0
My college experience has been full of learning and growth.,0
AI-generated text often exhibits high coherence and structured sentence formation.,1
I went to the market yesterday and bought some fresh vegetables.,0
The rapid evolution of machine learning models has enabled significant advancements in natural language processing.,1
AI-generated text often exhibits high coherence and structured sentence formation.,1
Advanced algorithms can generate contextually relevant and semantically meaningful content.,1
I enjoy spending time with my friends during weekends.,0
The weather today is quite pleasant and refreshing.,0
My college experience has been full of learning and growth.,0
Sometimes I prefer reading books over watching movies.,0
My college experience has been full of learning and growth.,0
Advanced algorithms can generate contextually relevant and semantically meaningful content.,1
I went to the market yesterday and bought some fresh vegetables.,0
The rapid evolution of machine learning models has enabled significant advancements in natural language processing.,1
AI-generated text often exhibits high coherence and structured sentence formation.,1
Sometimes I prefer reading books over watching movies.,0
Artificial intelligence systems are increasingly being utilized to optimize complex workflows and enhance productivity.,1
The weather today is quite pleasant and refreshing.,0
Artificial intelligence systems are increasingly being utilized to optimize complex workflows and enhance productivity.,1
Sometimes I prefer reading books over watching movies.,0
Modern AI technologies are capable of producing human-like responses across various domains.,1
The rapid evolution of machine learning models has enabled significant advancements in natural language processing.,1
Modern AI technologies are capable of producing human-like responses across various domains.,1
I went to the market yesterday and bought some fresh vegetables.,0
My college experience has been full of learning and growth.,0
Advanced algorithms can generate contextually relevant and semantically meaningful content.,1
My college experience has been full of learning and growth.,0
Artificial intelligence systems are increasingly being utilized to optimize complex workflows and enhance productivity.,1
Sometimes I prefer reading books over watching movies.,0
My college experience has been full of learning and growth.,0
I went to the market yesterday and bought some fresh vegetables.,0
Sometimes I prefer reading books over watching movies.,0
The rapid evolution of machine learning models has enabled significant advancements in natural language processing.,1
The rapid evolution of machine learning models has enabled significant advancements in natural language processing.,1
Sometimes I prefer reading books over watching movies.,0
Modern AI technologies are capable of producing human-like responses across various domains.,1
AI-generated text often exhibits high coherence and structured sentence formation.,1
I enjoy spending time with my friends during weekends.,0
The weather today is quite pleasant and refreshing.,0
The weather today is quite pleasant and refreshing.,0
The rapid evolution of machine learning models has enabled significant advancements in natural language processing.,1
Artificial intelligence systems are increasingly being utilized to optimize complex workflows and enhance productivity.,1
I went to the market yesterday and bought some fresh vegetables.,0
Modern AI technologies are capable of producing human-like responses across various domains.,1
Sometimes I prefer reading books over watching movies.,0
I went to the market yesterday and bought some fresh vegetables.,0
Artificial intelligence systems are increasingly being utilized to optimize complex workflows and enhance productivity.,1
I went to the market yesterday and bought some fresh vegetables.,0
My college experience has been full of learning and growth.,0
The rapid evolution of machine learning models has enabled significant advancements in natural language processing.,1
I went to the market yesterday and bought some fresh vegetables.,0
My college experience has been full of learning and growth.,0
The rapid evolution of machine learning models has enabled significant advancements in natural language processing.,1
Sometimes I prefer reading books over watching movies.,0
The weather today is quite pleasant and refreshing.,0
My college experience has been full of learning and growth.,0
AI-generated text often exhibits high coherence and structured sentence formation.,1
Artificial intelligence systems are increasingly being utilized to optimize complex workflows and enhance productivity.,1
I went to the market yesterday and bought some fresh vegetables.,0
Modern AI technologies are capable of producing human-like responses across various domains.,1
AI-generated text often exhibits high coherence and structured sentence formation.,1
The weather today is quite pleasant and refreshing.,0
I went to the market yesterday and bought some fresh vegetables.,0
The rapid evolution of machine learning models has enabled significant advancements in natural language processing.,1
The weather today is quite pleasant and refreshing.,0
Artificial intelligence systems are increasingly being utilized to optimize complex workflows and enhance productivity.,1
The rapid evolution of machine learning models has enabled significant advancements in natural language processing.,1
Sometimes I prefer reading books over watching movies.,0
Advanced algorithms can generate contextually relevant and semantically meaningful content.,1
I went to the market yesterday and bought some fresh vegetables.,0
The weather today is quite pleasant and refreshing.,0
AI-generated text often exhibits high coherence and structured sentence formation.,1
The rapid evolution of machine learning models has enabled significant advancements in natural language processing.,1
The rapid evolution of machine learning models has enabled significant advancements in natural language processing.,1
I enjoy spending time with my friends during weekends.,0
My college experience has been full of learning and growth.,0
I went to the market yesterday and bought some fresh vegetables.,0
Modern AI technologies are capable of producing human-like responses across various domains.,1
I enjoy spending time with my friends during weekends.,0
I went to the market yesterday and bought some fresh vegetables.,0
AI-generated text often exhibits high coherence and structured sentence formation.,1
I went to the market yesterday and bought some fresh vegetables.,0
The weather today is quite pleasant and refreshing.,0
My college experience has been full of learning and growth.,0
The rapid evolution of machine learning models has enabled significant advancements in natural language processing.,1
I went to the market yesterday and bought some fresh vegetables.,0
Sometimes I prefer reading books over watching movies.,0
Artificial intelligence systems are increasingly being utilized to optimize complex workflows and enhance productivity.,1
Advanced algorithms can generate contextually relevant and semantically meaningful content.,1
Artificial intelligence systems are increasingly being utilized to optimize complex workflows and enhance productivity.,1
Modern AI technologies are capable of producing human-like responses across various domains.,1
The weather today is quite pleasant and refreshing.,0
The rapid evolution of machine learning models has enabled significant advancements in natural language processing.,1
Sometimes I prefer reading books over watching movies.,0
The weather today is quite pleasant and refreshing.,0
Advanced algorithms can generate contextually relevant and semantically meaningful content.,1
The weather today is quite pleasant and refreshing.,0
Advanced algorithms can generate contextually relevant and semantically meaningful content.,1
Sometimes I prefer reading books over watching movies.,0
Sometimes I prefer reading books over watching movies.,0
The weather today is quite pleasant and refreshing.,0
Advanced algorithms can generate contextually relevant and semantically meaningful content.,1
AI-generated text often exhibits high coherence and structured sentence formation.,1
The weather today is quite pleasant and refreshing.,0
I went to the market yesterday and bought some fresh vegetables.,0
I enjoy spending time with my friends during weekends.,0
I went to the market yesterday and bought some fresh vegetables.,0
Artificial intelligence systems are increasingly being utilized to optimize complex workflows and enhance productivity.,1
Artificial intelligence systems are increasingly being utilized to optimize complex workflows and enhance productivity.,1
Sometimes I prefer reading books over watching movies.,0
Modern AI technologies are capable of producing human-like responses across various domains.,1
My college experience has been full of learning and growth.,0
AI-generated text often exhibits high coherence and structured sentence formation.,1
Modern AI technologies are capable of producing human-like responses across various domains.,1
Advanced algorithms can generate contextually relevant and semantically meaningful content.,1
I went to the market yesterday and bought some fresh vegetables.,0
Modern AI technologies are capable of producing human-like responses across various domains.,1
My college experience has been full of learning and growth.,0
AI-generated text often exhibits high coherence and structured sentence formation.,1
Modern AI technologies are capable of producing human-like responses across various domains.,1
I went to the market yesterday and bought some fresh vegetables.,0
The rapid evolution of machine learning models has enabled significant advancements in natural language processing.,1
The weather today is quite pleasant and refreshing.,0
The rapid evolution of machine learning models has enabled significant advancements in natural language processing.,1
AI-generated text often exhibits high coherence and structured sentence formation.,1
Sometimes I prefer reading books over watching movies.,0
The rapid evolution of machine learning models has enabled significant advancements in natural language processing.,1
Artificial intelligence systems are increasingly being utilized to optimize complex workflows and enhance productivity.,1
AI-generated text often exhibits high coherence and structured sentence formation.,1
I enjoy spending time with my friends during weekends.,0
Artificial intelligence systems are increasingly being utilized to optimize complex workflows and enhance productivity.,1
The rapid evolution of machine learning models has enabled significant advancements in natural language processing.,1
Sometimes I prefer reading books over watching movies.,0
Sometimes I prefer reading books over watching movies.,0
Artificial intelligence systems are increasingly being utilized to optimize complex workflows and enhance productivity.,1
I enjoy spending time with my friends during weekends.,0
AI-generated text often exhibits high coherence and structured sentence formation.,1
The weather today is quite pleasant and refreshing.,0
Artificial intelligence systems are increasingly being utilized to optimize complex workflows and enhance productivity.,1
The rapid evolution of machine learning models has enabled significant advancements in natural language processing.,1
My college experience has been full of learning and growth.,0
My college experience has been full of learning and growth.,0
The rapid evolution of machine learning models has enabled significant advancements in natural language processing.,1
The weather today is quite pleasant and refreshing.,0
My college experience has been full of learning and growth.,0
I went to the market yesterday and bought some fresh vegetables.,0
My college experience has been full of learning and growth.,0
Artificial intelligence systems are increasingly being utilized to optimize complex workflows and enhance productivity.,1
Artificial intelligence systems are increasingly being utilized to optimize complex workflows and enhance productivity.,1
The rapid evolution of machine learning models has enabled significant advancements in natural language processing.,1
My college experience has been full of learning and growth.,0
Advanced algorithms can generate contextually relevant and semantically meaningful content.,1
Sometimes I prefer reading books over watching movies.,0
Advanced algorithms can generate contextually relevant and semantically meaningful content.,1
Modern AI technologies are capable of producing human-like responses across various domains.,1
Sometimes I prefer reading books over watching movies.,0
I went to the market yesterday and bought some fresh vegetables.,0
The rapid evolution of machine learning models has enabled significant advancements in natural language processing.,1
My college experience has been full of learning and growth.,0
I enjoy spending time with my friends during weekends.,0
I enjoy spending time with my friends during weekends.,0
Advanced algorithms can generate contextually relevant and semantically meaningful content.,1
The weather today is quite pleasant and refreshing.,0
My college experience has been full of learning and growth.,0
My college experience has been full of learning and growth.,0
AI-generated text often exhibits high coherence and structured sentence formation.,1
My college experience has been full of learning and growth.,0
I went to the market yesterday and bought some fresh vegetables.,0
AI-generated text often exhibits high coherence and structured sentence formation.,1
Advanced algorithms can generate contextually relevant and semantically meaningful content.,1
Modern AI technologies are capable of producing human-like responses across various domains.,1
The rapid evolution of machine learning models has enabled significant advancements in natural language processing.,1
My college experience has been full of learning and growth.,0
Artificial intelligence systems are increasingly being utilized to optimize complex workflows and enhance productivity.,1
I went to the market yesterday and bought some fresh vegetables.,0
Artificial intelligence systems are increasingly being utilized to optimize complex workflows and enhance productivity.,1
The weather today is quite pleasant and refreshing.,0
I enjoy spending time with my friends during weekends.,0
The rapid evolution of machine learning models has enabled significant advancements in natural language processing.,1
Artificial intelligence systems are increasingly being utilized to optimize complex workflows and enhance productivity.,1
I enjoy spending time with my friends during weekends.,0
My college experience has been full of learning and growth.,0
The weather today is quite pleasant and refreshing.,0
The weather today is quite pleasant and refreshing.,0
Modern AI technologies are capable of producing human-like responses across various domains.,1
Artificial intelligence systems are increasingly being utilized to optimize complex workflows and enhance productivity.,1
AI-generated text often exhibits high coherence and structured sentence formation.,1
AI-generated text often exhibits high coherence and structured sentence formation.,1
My college experience has been full of learning and growth.,0
Sometimes I prefer reading books over watching movies.,0
Sometimes I prefer reading books over watching movies.,0
My college experience has been full of learning and growth.,0
The rapid evolution of machine learning models has enabled significant advancements in natural language processing.,1
I enjoy spending time with my friends during weekends.,0
Modern AI technologies are capable of producing human-like responses across various domains.,1
Artificial intelligence systems are increasingly being utilized to optimize complex workflows and enhance productivity.,1
Sometimes I prefer reading books over watching movies.,0
The rapid evolution of machine learning models has enabled significant advancements in natural language processing.,1
Sometimes I prefer reading books over watching movies.,0
Sometimes I prefer reading books over watching movies.,0
The rapid evolution of machine learning models has enabled significant advancements in natural language processing.,1
Artificial intelligence systems are increasingly being utilized to optimize complex workflows and enhance productivity.,1
Sometimes I prefer reading books over watching movies.,0
My college experience has been full of learning and growth.,0
Modern AI technologies are capable of producing human-like responses across various domains.,1
Advanced algorithms can generate contextually relevant and semantically meaningful content.,1
Sometimes I prefer reading books over watching movies.,0
AI-generated text often exhibits high coherence and structured sentence formation.,1
The weather today is quite pleasant and refreshing.,0
My college experience has been full of learning and growth.,0
I enjoy spending time with my friends during weekends.,0
Modern AI technologies are capable of producing human-like responses across various domains.,1
AI-generated text often exhibits high coherence and structured sentence formation.,1
I enjoy spending time with my friends during weekends.,0
My college experience has been full of learning and growth.,0
Sometimes I prefer reading books over watching movies.,0
Sometimes I prefer reading books over watching movies.,0
Modern AI technologies are capable of producing human-like responses across various domains.,1
AI-generated text often exhibits high coherence and structured sentence formation.,1
Modern AI technologies are capable of producing human-like responses across various domains.,1
Sometimes I prefer reading books over watching movies.,0
I went to the market yesterday and bought some fresh vegetables.,0
Sometimes I prefer reading books over watching movies.,0
Artificial intelligence systems are increasingly being utilized to optimize complex workflows and enhance productivity.,1
I enjoy spending time with my friends during weekends.,0
My college experience has been full of learning and growth.,0
Modern AI technologies are capable of producing human-like responses across various domains.,1
Advanced algorithms can generate contextually relevant and semantically meaningful content.,1
I enjoy spending time with my friends during weekends.,0
I enjoy spending time with my friends during weekends.,0
My college experience has been full of learning and growth.,0
The rapid evolution of machine learning models has enabled significant advancements in natural language processing.,1
AI-generated text often exhibits high coherence and structured sentence formation.,1
The rapid evolution of machine learning models has enabled significant advancements in natural language processing.,1
Sometimes I prefer reading books over watching movies.,0
I went to the market yesterday and bought some fresh vegetables.,0
The rapid evolution of machine learning models has enabled significant advancements in natural language processing.,1
Sometimes I prefer reading books over watching movies.,0
My college experience has been full of learning and growth.,0
My college experience has been full of learning and growth.,0
Artificial intelligence systems are increasingly being utilized to optimize complex workflows and enhance productivity.,1
My college experience has been full of learning and growth.,0
The weather today is quite pleasant and refreshing.,0
The rapid evolution of machine learning models has enabled significant advancements in natural language processing.,1
AI-generated text often exhibits high coherence and structured sentence formation.,1
AI-generated text often exhibits high coherence and structured sentence formation.,1
My college experience has been full of learning and growth.,0
I went to the market yesterday and bought some fresh vegetables.,0
I went to the market yesterday and bought some fresh vegetables.,0
I enjoy spending time with my friends during weekends.,0
The weather today is quite pleasant and refreshing.,0
I enjoy spending time with my friends during weekends.,0
I enjoy spending time with my friends during weekends.,0
Modern AI technologies are capable of producing human-like responses across various domains.,1
Artificial intelligence systems are increasingly being utilized to optimize complex workflows and enhance productivity.,1
AI-generated text often exhibits high coherence and structured sentence formation.,1
Artificial intelligence systems are increasingly being utilized to optimize complex workflows and enhance productivity.,1
The rapid evolution of machine learning models has enabled significant advancements in natural language processing.,1
The weather today is quite pleasant and refreshing.,0
Advanced algorithms can generate contextually relevant and semantically meaningful content.,1
The weather today is quite pleasant and refreshing.,0
Artificial intelligence systems are increasingly being utilized to optimize complex workflows and enhance productivity.,1
The rapid evolution of machine learning models has enabled significant advancements in natural language processing.,1
Sometimes I prefer reading books over watching movies.,0
Modern AI technologies are capable of producing human-like responses across various domains.,1
Modern AI technologies are capable of producing human-like responses across various domains.,1
I enjoy spending time with my friends during weekends.,0
I enjoy spending time with my friends during weekends.,0
Modern AI technologies are capable of producing human-like responses across various domains.,1
I went to the market yesterday and bought some fresh vegetables.,0
I enjoy spending time with my friends during weekends.,0
The rapid evolution of machine learning models has enabled significant advancements in natural language processing.,1
AI-generated text often exhibits high coherence and structured sentence formation.,1
Sometimes I prefer reading books over watching movies.,0
Advanced algorithms can generate contextually relevant and semantically meaningful content.,1
Artificial intelligence systems are increasingly being utilized to optimize complex workflows and enhance productivity.,1
Advanced algorithms can generate contextually relevant and semantically meaningful content.,1
The rapid evolution of machine learning models has enabled significant advancements in natural language processing.,1
My college experience has been full of learning and growth.,0
I went to the market yesterday and bought some fresh vegetables.,0
Sometimes I prefer reading books over watching movies.,0
I enjoy spending time with my friends during weekends.,0
I enjoy spending time with my friends during weekends.,0
The weather today is quite pleasant and refreshing.,0
AI-generated text often exhibits high coherence and structured sentence formation.,1
AI-generated text often exhibits high coherence and structured sentence formation.,1
I went to the market yesterday and bought some fresh vegetables.,0
AI-generated text often exhibits high coherence and structured sentence formation.,1
Modern AI technologies are capable of producing human-like responses across various domains.,1
The rapid evolution of machine learning models has enabled significant advancements in natural language processing.,1
The rapid evolution of machine learning models has enabled significant advancements in natural language processing.,1
The weather today is quite pleasant and refreshing.,0
Modern AI technologies are capable of producing human-like responses across various domains.,1
The weather today is quite pleasant and refreshing.,0
My college experience has been full of learning and growth.,0
The rapid evolution of machine learning models has enabled significant advancements in natural language processing.,1
Modern AI technologies are capable of producing human-like responses across various domains.,1
The weather today is quite pleasant and refreshing.,0
The weather today is quite pleasant and refreshing.,0
The rapid evolution of machine learning models has enabled significant advancements in natural language processing.,1
Modern AI technologies are capable of producing human-like responses across various domains.,1
I went to the market yesterday and bought some fresh vegetables.,0
The weather today is quite pleasant and refreshing.,0
The rapid evolution of machine learning models has enabled significant advancements in natural language processing.,1
The weather today is quite pleasant and refreshing.,0
The rapid evolution of machine learning models has enabled significant advancements in natural language processing.,1
Modern AI technologies are capable of producing human-like responses across various domains.,1
Advanced algorithms can generate contextually relevant and semantically meaningful content.,1
My college experience has been full of learning and growth.,0
I enjoy spending time with my friends during weekends.,0
Advanced algorithms can generate contextually relevant and semantically meaningful content.,1
AI-generated text often exhibits high coherence and structured sentence formation.,1
I went to the market yesterday and bought some fresh vegetables.,0
The weather today is quite pleasant and refreshing.,0
I went to the market yesterday and bought some fresh vegetables.,0
I went to the market yesterday and bought some fresh vegetables.,0
My college experience has been full of learning and growth.,0
The rapid evolution of machine learning models has enabled significant advancements in natural language processing.,1
My college experience has been full of learning and growth.,0
Advanced algorithms can generate contextually relevant and semantically meaningful content.,1
Advanced algorithms can generate contextually relevant and semantically meaningful content.,1
I went to the market yesterday and bought some fresh vegetables.,0
Modern AI technologies are capable of producing human-like responses across various domains.,1
Advanced algorithms can generate contextually relevant and semantically meaningful content.,1
AI-generated text often exhibits high coherence and structured sentence formation.,1
The rapid evolution of machine learning models has enabled significant advancements in natural language processing.,1
I enjoy spending time with my friends during weekends.,0
AI-generated text often exhibits high coherence and structured sentence formation.,1
I went to the market yesterday and bought some fresh vegetables.,0
Artificial intelligence systems are increasingly being utilized to optimize complex workflows and enhance productivity.,1
My college experience has been full of learning and growth.,0
AI-generated text often exhibits high coherence and structured sentence formation.,1
AI-generated text often exhibits high coherence and structured sentence formation.,1
I went to the market yesterday and bought some fresh vegetables.,0
My college experience has been full of learning and growth.,0
I enjoy spending time with my friends during weekends.,0
Advanced algorithms can generate contextually relevant and semantically meaningful content.,1
Sometimes I prefer reading books over watching movies.,0
AI-generated text often exhibits high coherence and structured sentence formation.,1
Sometimes I prefer reading books over watching movies.,0
Modern AI technologies are capable of producing human-like responses across various domains.,1
My college experience has been full of learning and growth.,0
The weather today is quite pleasant and refreshing.,0
The rapid evolution of machine learning models has enabled significant advancements in natural language processing.,1
AI-generated text often exhibits high coherence and structured sentence formation.,1
Advanced algorithms can generate contextually relevant and semantically meaningful content.,1
The rapid evolution of machine learning models has enabled significant advancements in natural language processing.,1
The rapid evolution of machine learning models has enabled significant advancements in natural language processing.,1
I went to the market yesterday and bought some fresh vegetables.,0
Sometimes I prefer reading books over watching movies.,0
I went to the market yesterday and bought some fresh vegetables.,0
Artificial intelligence systems are increasingly being utilized to optimize complex workflows and enhance productivity.,1
The weather today is quite pleasant and refreshing.,0
Advanced algorithms can generate contextually relevant and semantically meaningful content.,1
Artificial intelligence systems are increasingly being utilized to optimize complex workflows and enhance productivity.,1
The weather today is quite pleasant and refreshing.,0
The weather today is quite pleasant and refreshing.,0
AI-generated text often exhibits high coherence and structured sentence formation.,1
Sometimes I prefer reading books over watching movies.,0
Advanced algorithms can generate contextually relevant and semantically meaningful content.,1
Modern AI technologies are capable of producing human-like responses across various domains.,1
AI-generated text often exhibits high coherence and structured sentence formation.,1
Artificial intelligence systems are increasingly being utilized to optimize complex workflows and enhance productivity.,1
Artificial intelligence systems are increasingly being utilized to optimize complex workflows and enhance productivity.,1
My college experience has been full of learning and growth.,0
The weather today is quite pleasant and refreshing.,0
I enjoy spending time with my friends during weekends.,0
AI-generated text often exhibits high coherence and structured sentence formation.,1
The weather today is quite pleasant and refreshing.,0
AI-generated text often exhibits high coherence and structured sentence formation.,1
Advanced algorithms can generate contextually relevant and semantically meaningful content.,1
The weather today is quite pleasant and refreshing.,0
My college experience has been full of learning and growth.,0
AI-generated text often exhibits high coherence and structured sentence formation.,1
I went to the market yesterday and bought some fresh vegetables.,0
AI-generated text often exhibits high coherence and structured sentence formation.,1
I enjoy spending time with my friends during weekends.,0
Modern AI technologies are capable of producing human-like responses across various domains.,1
Sometimes I prefer reading books over watching movies.,0
Advanced algorithms can generate contextually relevant and semantically meaningful content.,1
The weather today is quite pleasant and refreshing.,0
The rapid evolution of machine learning models has enabled significant advancements in natural language processing.,1
My college experience has been full of learning and growth.,0
Modern AI technologies are capable of producing human-like responses across various domains.,1
The rapid evolution of machine learning models has enabled significant advancements in natural language processing.,1
The weather today is quite pleasant and refreshing.,0
The rapid evolution of machine learning models has enabled significant advancements in natural language processing.,1
I enjoy spending time with my friends during weekends.,0
Sometimes I prefer reading books over watching movies.,0
Sometimes I prefer reading books over watching movies.,0
My college experience has been full of learning and growth.,0
My college experience has been full of learning and growth.,0
Advanced algorithms can generate contextually relevant and semantically meaningful content.,1
The weather today is quite pleasant and refreshing.,0
Modern AI technologies are capable of producing human-like responses across various domains.,1
I enjoy spending time with my friends during weekends.,0
The rapid evolution of machine learning models has enabled significant advancements in natural language processing.,1
The rapid evolution of machine learning models has enabled significant advancements in natural language processing.,1
Modern AI technologies are capable of producing human-like responses across various domains.,1
I went to the market yesterday and bought some fresh vegetables.,0
Sometimes I prefer reading books over watching movies.,0
I enjoy spending time with my friends during weekends.,0
The rapid evolution of machine learning models has enabled significant advancements in natural language processing.,1
Sometimes I prefer reading books over watching movies.,0
I enjoy spending time with my friends during weekends.,0
The rapid evolution of machine learning models has enabled significant advancements in natural language processing.,1
Modern AI technologies are capable of producing human-like responses across various domains.,1
I enjoy spending time with my friends during weekends.,0
Modern AI technologies are capable of producing human-like responses across various domains.,1
I enjoy spending time with my friends during weekends.,0
AI-generated text often exhibits high coherence and structured sentence formation.,1
The weather today is quite pleasant and refreshing.,0
I enjoy spending time with my friends during weekends.,0
I went to the market yesterday and bought some fresh vegetables.,0
I enjoy spending time with my friends during weekends.,0
Sometimes I prefer reading books over watching movies.,0
The rapid evolution of machine learning models has enabled significant advancements in natural language processing.,1
I enjoy spending time with my friends during weekends.,0
Sometimes I prefer reading books over watching movies.,0
My college experience has been full of learning and growth.,0
AI-generated text often exhibits high coherence and structured sentence formation.,1
AI-generated text often exhibits high coherence and structured sentence formation.,1
The weather today is quite pleasant and refreshing.,0
Sometimes I prefer reading books over watching movies.,0
The weather today is quite pleasant and refreshing.,0
Artificial intelligence systems are increasingly being utilized to optimize complex workflows and enhance productivity.,1
Modern AI technologies are capable of producing human-like responses across various domains.,1
The weather today is quite pleasant and refreshing.,0
Advanced algorithms can generate contextually relevant and semantically meaningful content.,1
The rapid evolution of machine learning models has enabled significant advancements in natural language processing.,1
Sometimes I prefer reading books over watching movies.,0
My college experience has been full of learning and growth.,0
Modern AI technologies are capable of producing human-like responses across various domains.,1
The rapid evolution of machine learning models has enabled significant advancements in natural language processing.,1
I enjoy spending time with my friends during weekends.,0
The weather today is quite pleasant and refreshing.,0
The weather today is quite pleasant and refreshing.,0
Artificial intelligence systems are increasingly being utilized to optimize complex workflows and enhance productivity.,1
I went to the market yesterday and bought some fresh vegetables.,0
My college experience has been full of learning and growth.,0
I enjoy spending time with my friends during weekends.,0
I enjoy spending time with my friends during weekends.,0
I enjoy spending time with my friends during weekends.,0
Artificial intelligence systems are increasingly being utilized to optimize complex workflows and enhance productivity.,1
The rapid evolution of machine learning models has enabled significant advancements in natural language processing.,1
My college experience has been full of learning and growth.,0
The weather today is quite pleasant and refreshing.,0
